{
    "header": [
        " *   ",
        " *   如非需要调试，本文件可删除",
        " *   非专业人员可将本文件删除",
        " *   详细介绍请参考: https://bazhan.wang/faq#INFO-JSON",
        " *   "
    ],
    "resources": [
        {
            "url": "https://lg.he.net/",
            "path": "index.html",
            "saved": true,
            "size": 69042,
            "children": [
                {
                    "url": "https://lg.he.net/images/he_logo.png",
                    "path": "img/he_logo.png",
                    "saved": true,
                    "size": 0,
                    "children": []
                },
                {
                    "url": "https://lg.he.net/images/flags/us.png",
                    "path": "img/us.png",
                    "saved": true,
                    "size": 0,
                    "children": []
                },
                {
                    "url": "https://lg.he.net/images/flags/ca.png",
                    "path": "img/ca.png",
                    "saved": true,
                    "size": 0,
                    "children": []
                },
                {
                    "url": "https://lg.he.net/images/flags/nl.png",
                    "path": "img/nl.png",
                    "saved": true,
                    "size": 0,
                    "children": []
                },
                {
                    "url": "https://lg.he.net/images/flags/gr.png",
                    "path": "img/gr.png",
                    "saved": true,
                    "size": 0,
                    "children": []
                },
                {
                    "url": "https://lg.he.net/images/flags/es.png",
                    "path": "img/es.png",
                    "saved": true,
                    "size": 0,
                    "children": []
                },
                {
                    "url": "https://lg.he.net/images/flags/rs.png",
                    "path": "img/rs.png",
                    "saved": true,
                    "size": 0,
                    "children": []
                },
                {
                    "url": "https://lg.he.net/images/flags/de.png",
                    "path": "img/de.png",
                    "saved": true,
                    "size": 0,
                    "children": []
                },
                {
                    "url": "https://lg.he.net/images/flags/sk.png",
                    "path": "img/sk.png",
                    "saved": true,
                    "size": 0,
                    "children": []
                },
                {
                    "url": "https://lg.he.net/images/flags/be.png",
                    "path": "img/be.png",
                    "saved": true,
                    "size": 0,
                    "children": []
                },
                {
                    "url": "https://lg.he.net/images/flags/ro.png",
                    "path": "img/ro.png",
                    "saved": true,
                    "size": 0,
                    "children": []
                },
                {
                    "url": "https://lg.he.net/images/flags/hu.png",
                    "path": "img/hu.png",
                    "saved": true,
                    "size": 0,
                    "children": []
                },
                {
                    "url": "https://lg.he.net/images/flags/dk.png",
                    "path": "img/dk.png",
                    "saved": true,
                    "size": 0,
                    "children": []
                },
                {
                    "url": "https://lg.he.net/images/flags/ie.png",
                    "path": "img/ie.png",
                    "saved": true,
                    "size": 0,
                    "children": []
                },
                {
                    "url": "https://lg.he.net/images/flags/uk.png",
                    "path": "img/uk.png",
                    "saved": true,
                    "size": 0,
                    "children": []
                },
                {
                    "url": "https://lg.he.net/images/flags/ch.png",
                    "path": "img/ch.png",
                    "saved": true,
                    "size": 0,
                    "children": []
                },
                {
                    "url": "https://lg.he.net/images/flags/pl.png",
                    "path": "img/pl.png",
                    "saved": true,
                    "size": 0,
                    "children": []
                },
                {
                    "url": "https://lg.he.net/images/flags/ua.png",
                    "path": "img/ua.png",
                    "saved": true,
                    "size": 0,
                    "children": []
                },
                {
                    "url": "https://lg.he.net/images/flags/pt.png",
                    "path": "img/pt.png",
                    "saved": true,
                    "size": 0,
                    "children": []
                },
                {
                    "url": "https://lg.he.net/images/flags/lu.png",
                    "path": "img/lu.png",
                    "saved": true,
                    "size": 0,
                    "children": []
                },
                {
                    "url": "https://lg.he.net/images/flags/fr.png",
                    "path": "img/fr.png",
                    "saved": true,
                    "size": 0,
                    "children": []
                },
                {
                    "url": "https://lg.he.net/images/flags/it.png",
                    "path": "img/it.png",
                    "saved": true,
                    "size": 0,
                    "children": []
                },
                {
                    "url": "https://lg.he.net/images/flags/no.png",
                    "path": "img/no.png",
                    "saved": true,
                    "size": 0,
                    "children": []
                },
                {
                    "url": "https://lg.he.net/images/flags/cz.png",
                    "path": "img/cz.png",
                    "saved": true,
                    "size": 0,
                    "children": []
                },
                {
                    "url": "https://lg.he.net/images/flags/lv.png",
                    "path": "img/lv.png",
                    "saved": true,
                    "size": 0,
                    "children": []
                },
                {
                    "url": "https://lg.he.net/images/flags/bg.png",
                    "path": "img/bg.png",
                    "saved": true,
                    "size": 0,
                    "children": []
                },
                {
                    "url": "https://lg.he.net/images/flags/se.png",
                    "path": "img/se.png",
                    "saved": true,
                    "size": 0,
                    "children": []
                },
                {
                    "url": "https://lg.he.net/images/flags/ee.png",
                    "path": "img/ee.png",
                    "saved": true,
                    "size": 0,
                    "children": []
                },
                {
                    "url": "https://lg.he.net/images/flags/al.png",
                    "path": "img/al.png",
                    "saved": true,
                    "size": 0,
                    "children": []
                },
                {
                    "url": "https://lg.he.net/images/flags/at.png",
                    "path": "img/at.png",
                    "saved": true,
                    "size": 0,
                    "children": []
                },
                {
                    "url": "https://lg.he.net/images/flags/lt.png",
                    "path": "img/lt.png",
                    "saved": true,
                    "size": 0,
                    "children": []
                },
                {
                    "url": "https://lg.he.net/images/flags/hr.png",
                    "path": "img/hr.png",
                    "saved": true,
                    "size": 0,
                    "children": []
                },
                {
                    "url": "https://lg.he.net/images/flags/nz.png",
                    "path": "img/nz.png",
                    "saved": true,
                    "size": 0,
                    "children": []
                },
                {
                    "url": "https://lg.he.net/images/flags/au.png",
                    "path": "img/au.png",
                    "saved": true,
                    "size": 0,
                    "children": []
                },
                {
                    "url": "https://lg.he.net/images/flags/gu.png",
                    "path": "img/gu.png",
                    "saved": true,
                    "size": 0,
                    "children": []
                },
                {
                    "url": "https://lg.he.net/images/flags/th.png",
                    "path": "img/th.png",
                    "saved": true,
                    "size": 0,
                    "children": []
                },
                {
                    "url": "https://lg.he.net/images/flags/hk.png",
                    "path": "img/hk.png",
                    "saved": true,
                    "size": 0,
                    "children": []
                },
                {
                    "url": "https://lg.he.net/images/flags/my.png",
                    "path": "img/my.png",
                    "saved": true,
                    "size": 0,
                    "children": []
                },
                {
                    "url": "https://lg.he.net/images/flags/ph.png",
                    "path": "img/ph.png",
                    "saved": true,
                    "size": 0,
                    "children": []
                },
                {
                    "url": "https://lg.he.net/images/flags/jp.png",
                    "path": "img/jp.png",
                    "saved": true,
                    "size": 0,
                    "children": []
                },
                {
                    "url": "https://lg.he.net/images/flags/kh.png",
                    "path": "img/kh.png",
                    "saved": true,
                    "size": 0,
                    "children": []
                },
                {
                    "url": "https://lg.he.net/images/flags/kr.png",
                    "path": "img/kr.png",
                    "saved": true,
                    "size": 0,
                    "children": []
                },
                {
                    "url": "https://lg.he.net/images/flags/sg.png",
                    "path": "img/sg.png",
                    "saved": true,
                    "size": 0,
                    "children": []
                },
                {
                    "url": "https://lg.he.net/images/flags/tw.png",
                    "path": "img/tw.png",
                    "saved": true,
                    "size": 0,
                    "children": []
                },
                {
                    "url": "https://lg.he.net/images/flags/co.png",
                    "path": "img/co.png",
                    "saved": true,
                    "size": 0,
                    "children": []
                },
                {
                    "url": "https://lg.he.net/images/flags/br.png",
                    "path": "img/br.png",
                    "saved": true,
                    "size": 0,
                    "children": []
                },
                {
                    "url": "https://lg.he.net/images/flags/za.png",
                    "path": "img/za.png",
                    "saved": true,
                    "size": 0,
                    "children": []
                },
                {
                    "url": "https://lg.he.net/images/flags/dj.png",
                    "path": "img/dj.png",
                    "saved": true,
                    "size": 0,
                    "children": []
                },
                {
                    "url": "https://lg.he.net/images/flags/ng.png",
                    "path": "img/ng.png",
                    "saved": true,
                    "size": 0,
                    "children": []
                },
                {
                    "url": "https://lg.he.net/images/flags/ke.png",
                    "path": "img/ke.png",
                    "saved": true,
                    "size": 0,
                    "children": []
                },
                {
                    "url": "https://lg.he.net/images/flags/ae.png",
                    "path": "img/ae.png",
                    "saved": true,
                    "size": 0,
                    "children": []
                },
                {
                    "url": "https://lg.he.net/images/flags/tr.png",
                    "path": "img/tr.png",
                    "saved": true,
                    "size": 0,
                    "children": []
                },
                {
                    "url": "https://platform.twitter.com/widgets.js",
                    "path": "js/widgets.js",
                    "saved": true,
                    "size": 0,
                    "children": []
                },
                {
                    "url": "https://connect.facebook.net/en_GB/all.js#xfbml=1&appId=465754630423",
                    "path": "js/all.js",
                    "saved": true,
                    "size": 3093,
                    "children": []
                },
                {
                    "url": "https://lg.he.net/js/jquery.min.js",
                    "path": "js/jquery.min.js",
                    "saved": true,
                    "size": 86927,
                    "children": []
                },
                {
                    "url": "https://lg.he.net/js/jquery.metadata.min.js",
                    "path": "js/jquery.metadata.min.js",
                    "saved": true,
                    "size": 1293,
                    "children": []
                },
                {
                    "url": "https://lg.he.net/js/jquery.tablesorter.min.js",
                    "path": "js/jquery.tablesorter.min.js",
                    "saved": true,
                    "size": 0,
                    "children": []
                },
                {
                    "url": "https://lg.he.net/js/index.php",
                    "path": "js/index.js",
                    "saved": true,
                    "size": 3839,
                    "children": []
                },
                {
                    "url": "https://lg.he.net/styles/screen.css",
                    "path": "css/screen.css",
                    "saved": true,
                    "size": 7963,
                    "children": []
                },
                {
                    "url": "https://lg.he.net/styles/handheld.css",
                    "path": "css/handheld.css",
                    "saved": true,
                    "size": 0,
                    "children": []
                },
                {
                    "url": "https://lg.he.net/images/he_icon.png",
                    "path": "img/he_icon.png",
                    "saved": true,
                    "size": 0,
                    "children": []
                }
            ]
        }
    ],
    "alias": "lg-he-net-wcuhts5r",
    "info": {
        "remark": [],
        "title": "Looking Glass - Hurricane Electric (AS6939)",
        "domain": "lg.he.net",
        "origin": "https://lg.he.net",
        "ip": "64.71.140.34",
        "main": "index.html",
        "url": "https://lg.he.net/",
        "totalSize": "172 kB",
        "request": {
            "headers": {
                "accept": "text/html,*/*",
                "accept-language": "zh-CN,zh;q=0.9",
                "cache-control": "no-cache",
                "cookie": "",
                "referer": "https://lg.he.net/",
                "user-agent": "Mozilla/5.0 (Windows NT 10.0; Win64; x64) AppleWebKit/537.36 (KHTML, like Gecko) Chrome/78.0.3904.108 Safari/537.36",
                "x-scraper-website": "https://bazhan.wang/"
            }
        },
        "response": {
            "responseUrl": "https://lg.he.net/",
            "redirects": [],
            "statusCode": 200,
            "headers": {
                "date": "Sat, 24 Dec 2022 03:36:06 GMT",
                "server": "Apache/2.4.29 (Ubuntu)",
                "strict-transport-security": "max-age=63072000",
                "x-frame-options": "DENY",
                "x-xss-protection": "1; mode=block",
                "x-content-type-options": "nosniff",
                "referrer-policy": "strict-origin-when-cross-origin",
                "vary": "Accept-Encoding",
                "connection": "close",
                "transfer-encoding": "chunked",
                "content-type": "text/html; charset=UTF-8"
            }
        },
        "time": {
            "start": "2022-12-24T03:36:05.939Z",
            "end": "2022-12-24T03:36:16.673Z"
        }
    },
    "options": {
        "url": "https://lg.he.net/",
        "referer": "",
        "cookies": "",
        "userAgent": "Mozilla/5.0 (Windows NT 10.0; Win64; x64) AppleWebKit/537.36 (KHTML, like Gecko) Chrome/78.0.3904.108 Safari/537.36",
        "formatter": [],
        "filenameGenerator": "byType"
    }
}